,train_loss,train_acc,time
0,1.7409954634048284,0.7700892857142857,7.166488885879517
1,1.5461087995754885,0.9228411513859275,7.302380084991455
2,1.5465801250197486,0.9209588219616205,16.937015056610107
3,1.5523597078282696,0.9153451492537313,17.10209894180298
4,1.5516498923810051,0.916028118336887,17.4895761013031
5,1.552302642417615,0.9157615938166311,17.341025829315186
6,1.552158969933036,0.9161780383795309,17.33302617073059
7,1.5517075668011646,0.9163612739872068,17.25310516357422
8,1.551673994643856,0.9163446162046909,17.066925048828125
