,train_loss,train_acc,time
0,1.7409954634048284,0.7700892857142857,7.0894410610198975
1,1.5461087995754885,0.9228411513859275,7.129319906234741
2,1.526176861354283,0.9404984008528785,7.170180797576904
3,1.5138617221480493,0.9517923773987207,7.209990978240967
4,1.5051843789594768,0.9597048240938166,7.075422048568726
5,1.4989594954417458,0.9659514925373134,7.128496170043945
6,1.493784598195985,0.9702991737739872,7.202962160110474
7,1.4906853492071888,0.9740138592750534,17.007220029830933
8,1.4912715606343772,0.9733975213219617,18.365339040756226
