,train_loss,train_acc,time
0,2.2140654134852036,0.24891724413646055,17.03021502494812
1,2.009265977690723,0.48255930170575695,16.92062520980835
2,1.6901027224719651,0.7799007196162047,7.232518911361694
3,1.615097179468761,0.8498467484008528,7.297502040863037
4,1.6029903277405289,0.8607742537313433,7.107639789581299
5,1.5949567167489513,0.8680370469083155,7.28235387802124
6,1.582176658009161,0.880963486140725,7.398004055023193
7,1.50435160027384,0.9614039179104478,7.274135112762451
8,1.495173049761034,0.9696994936034116,7.144398927688599
