,train_loss,train_acc,time
0,2.2140654134852036,0.24891724413646055,16.94582223892212
1,2.009265977690723,0.48255930170575695,16.95079493522644
2,1.9293683586852637,0.5799240405117271,17.077906847000122
3,1.8835427912313547,0.6125566364605544,16.891719818115234
4,1.8703691809416325,0.6183368869936035,17.003856897354126
5,1.8639926156763837,0.6218017057569296,17.025336027145386
6,1.860054406530059,0.6237506663113006,16.939643144607544
7,1.5784192178040934,0.8930237206823027,7.184884786605835
8,1.5280561885599897,0.9383828624733476,7.219638109207153
